IT, компьютеры, интернет
Администрация, руководство среднего звена
Бухгалтерия, аудит
Гостинично-ресторанный бизнес, туризм
Дизайн, творчество
Красота, фитнес, спорт
Культура, музыка, шоу-бизнес
Логистика, склад, ВЭД
Маркетинг, реклама, PR
Медицина, фармацевтика
Недвижимость
Образование, наука
Охрана, безопасность
Продажи, закупки
Рабочие специальности, производство
Розничная торговля
Секретариат, делопроизводство, АХО
Сельское хозяйство, агробизнес
СМИ, издательство, полиграфия
Страхование
Строительство, архитектура
Сфера обслуживания
Телекоммуникации и связь
Топ-менеджмент, руководство высшего звена
Транспорт, автобизнес
Управление персоналом, HR
Финансы, банк
Юриспруденция
Работа для студентов
Работа на дому
Работа без резюме
Работа для людей с инвалидностью
IT, комп'ютери, інтернет
Адмiнiстрацiя, керівництво середньої ланки
Будівництво, архітектура
Бухгалтерія, аудит
Готельно-ресторанний бізнес, туризм
Дизайн, творчість
ЗМІ, видавництво, поліграфія
Краса, фітнес, спорт
Культура, музика, шоу-бізнес
Логістика, склад, ЗЕД
Маркетинг, реклама, PR
Медицина, фармацевтика
Нерухомість
Освіта, наука
Охорона, безпека
Продаж, закупівля
Робочі спеціальності, виробництво
Роздрібна торгівля
Секретаріат, діловодство, АГВ
Сільське господарство, агробізнес
Страхування
Сфера обслуговування
Телекомунікації та зв'язок
Топ-менеджмент, керівництво вищої ланки
Транспорт, автобізнес
Управління персоналом, HR
Фінанси, банк
Юриспруденція
Робота для студентів
Робота вдома
Робота без резюме
Робота для людей з інвалідністю
